-- MySQL dump 10.13  Distrib 5.7.33, for Linux (x86_64)
--
-- Host: localhost    Database: smrgo_main
-- ------------------------------------------------------
-- Server version	5.7.33

/*!40101 SET @OLD_CHARACTER_SET_CLIENT=@@CHARACTER_SET_CLIENT */;
/*!40101 SET @OLD_CHARACTER_SET_RESULTS=@@CHARACTER_SET_RESULTS */;
/*!40101 SET @OLD_COLLATION_CONNECTION=@@COLLATION_CONNECTION */;
/*!40101 SET NAMES utf8 */;
/*!40103 SET @OLD_TIME_ZONE=@@TIME_ZONE */;
/*!40103 SET TIME_ZONE='+00:00' */;
/*!40014 SET @OLD_UNIQUE_CHECKS=@@UNIQUE_CHECKS, UNIQUE_CHECKS=0 */;
/*!40014 SET @OLD_FOREIGN_KEY_CHECKS=@@FOREIGN_KEY_CHECKS, FOREIGN_KEY_CHECKS=0 */;
/*!40101 SET @OLD_SQL_MODE=@@SQL_MODE, SQL_MODE='NO_AUTO_VALUE_ON_ZERO' */;
/*!40111 SET @OLD_SQL_NOTES=@@SQL_NOTES, SQL_NOTES=0 */;

--
-- Table structure for table `smrgo_log`
--

DROP TABLE IF EXISTS `smrgo_log`;
/*!40101 SET @saved_cs_client     = @@character_set_client */;
/*!40101 SET character_set_client = utf8 */;
CREATE TABLE `smrgo_log` (
  `click_id` int(11) NOT NULL AUTO_INCREMENT,
  `click_time` datetime NOT NULL,
  `shorturl` varchar(200) CHARACTER SET latin1 COLLATE latin1_bin NOT NULL,
  `referrer` varchar(200) NOT NULL,
  `user_agent` varchar(255) NOT NULL,
  `ip_address` varchar(41) NOT NULL,
  `country_code` char(2) NOT NULL,
  PRIMARY KEY (`click_id`),
  KEY `shorturl` (`shorturl`)
) ENGINE=InnoDB AUTO_INCREMENT=102 DEFAULT CHARSET=latin1;
/*!40101 SET character_set_client = @saved_cs_client */;

--
-- Dumping data for table `smrgo_log`
--

LOCK TABLES `smrgo_log` WRITE;
/*!40000 ALTER TABLE `smrgo_log` DISABLE KEYS */;
INSERT INTO `smrgo_log` VALUES (1,'2020-10-28 15:24:07','smrbotinvite','direct','Mozilla/5.0 (Windows NT 10.0; Win64; x64) AppleWebKit/537.36 (KHTML, like Gecko) Chrome/86.0.4240.75 Safari/537.36','157.51.85.97','IN'),(2,'2020-10-28 15:24:37','smrbotinvite','direct','Mozilla/5.0 (compatible; Discordbot/2.0; +https://discordapp.com)','35.237.4.214','US'),(3,'2020-10-28 15:25:14','smrbotinvite','direct','Mozilla/5.0 (X11; Linux x86_64) AppleWebKit/537.36 (KHTML, like Gecko) Chrome/86.0.4240.111 Safari/537.36','103.146.175.214',''),(4,'2020-10-29 10:46:57','smrbotinvite','direct','Mozilla/5.0 (compatible; Discordbot/2.0; +https://discordapp.com)','35.227.62.178','US'),(5,'2020-10-30 12:19:21','test','https://go.sarveshmrao.in/admin/','Mozilla/5.0 (Windows NT 10.0; Win64; x64) AppleWebKit/537.36 (KHTML, like Gecko) Chrome/86.0.4240.75 Safari/537.36','157.49.235.43','IN'),(6,'2020-10-30 16:37:15','smrbotinvite','direct','Mozilla/5.0 (Windows NT 10.0; Win64; x64) AppleWebKit/537.36 (KHTML, like Gecko) Chrome/86.0.4240.75 Safari/537.36','157.49.235.43','IN'),(7,'2020-11-04 11:06:47','fa-39c','direct','Mozilla/5.0 (Windows NT 10.0; Win64; x64) AppleWebKit/537.36 (KHTML, like Gecko) Chrome/86.0.4240.111 Safari/537.36','157.51.15.237','IN'),(8,'2020-11-04 11:14:21','fa-39c','direct','Mozilla/5.0 (compatible; Discordbot/2.0; +https://discordapp.com)','35.227.62.178','US'),(9,'2020-11-04 11:14:45','fa-39c','direct','Mozilla/5.0 (compatible; Discordbot/2.0; +https://discordapp.com)','35.227.62.178','US'),(10,'2020-11-04 11:15:08','fa-39c','direct','Mozilla/5.0 (compatible; Discordbot/2.0; +https://discordapp.com)','35.227.62.178','US'),(11,'2020-11-04 11:16:40','fa-39c','direct','WhatsApp/2.20.205.5 A','2409:4072:6e88:e35c:d56d:fed6:be14:2982','IN'),(12,'2020-11-04 11:19:33','fa-39c','direct','Mozilla/5.0 (Linux; Android 8.1.0; K9_Smart_Plus) AppleWebKit/537.36 (KHTML, like Gecko) Chrome/86.0.4240.110 Mobile Safari/537.36','2409:4072:611a:343d::26f9:e0ac','IN'),(13,'2020-11-04 11:19:45','fa-39c','direct','Mozilla/5.0 (Linux; Android 10; Nokia 6.1 Plus) AppleWebKit/537.36 (KHTML, like Gecko) Chrome/77.0.3865.116 Mobile Safari/537.36 EdgA/45.08.4.5074','117.193.41.98','IN'),(14,'2020-11-04 12:29:03','fa-39c','direct','Mozilla/5.0 (Linux; Android 10; Redmi Note 8 Pro) AppleWebKit/537.36 (KHTML, like Gecko) Chrome/86.0.4240.185 Mobile Safari/537.36','103.102.30.159',''),(15,'2020-11-04 12:34:13','fa-39c','direct','Mozilla/5.0 (Linux; Android 7.1.1; SM-J700H) AppleWebKit/537.36 (KHTML, like Gecko) Chrome/86.0.4240.111 Mobile Safari/537.36','2409:4070:409d:1d2::c65:b8b0','IN'),(16,'2020-11-05 01:01:32','fa-39c','direct','Mozilla/5.0 (Linux; Android 9; CPH1923) AppleWebKit/537.36 (KHTML, like Gecko) Chrome/86.0.4240.110 Mobile Safari/537.36','49.205.78.37','IN'),(17,'2020-11-05 01:32:02','fa-39c','direct','Mozilla/5.0 (Linux; Android 10; SM-A505F) AppleWebKit/537.36 (KHTML, like Gecko) Chrome/86.0.4240.185 Mobile Safari/537.36','49.207.141.222','IN'),(18,'2020-11-05 04:56:22','fa-39c','direct','Mozilla/5.0 (compatible; Discordbot/2.0; +https://discordapp.com)','35.196.132.85','US'),(19,'2020-11-05 13:36:49','romlmw','direct','Mozilla/5.0 (compatible; Discordbot/2.0; +https://discordapp.com)','35.196.132.85','US'),(20,'2020-11-05 13:37:16','romlmw','direct','Mozilla/5.0 (compatible; Discordbot/2.0; +https://discordapp.com)','35.196.132.85','US'),(21,'2020-11-05 13:37:36','romlmw','direct','WhatsApp/2.20.205.5 A','2409:4072:6192:81b2::1f3c:d0b0','IN'),(22,'2020-11-05 13:40:06','romlmw','direct','Mozilla/5.0 (Linux; Android 10; Redmi Note 7 Pro) AppleWebKit/537.36 (KHTML, like Gecko) Chrome/86.0.4240.110 Mobile Safari/537.36','122.168.4.102','IN'),(23,'2020-11-05 13:46:22','romlmw','direct','Mozilla/5.0 (Linux; Android 11; Redmi K20 Pro) AppleWebKit/537.36 (KHTML, like Gecko) Chrome/86.0.4240.110 Mobile Safari/537.36','122.164.71.110','IN'),(24,'2020-11-05 13:47:26','romlmw','direct','Mozilla/5.0 (Linux; Android 10; Redmi Note 7 Pro) AppleWebKit/537.36 (KHTML, like Gecko) Chrome/83.0.4103.101 Mobile Safari/537.36','2402:8100:3090:e07d:55c1:281a:8f2:55cc','IN'),(25,'2020-11-05 13:47:58','romlmw','direct','Mozilla/5.0 (Linux; Android 10; SM-A505F) AppleWebKit/537.36 (KHTML, like Gecko) Chrome/83.0.4103.106 Mobile Safari/537.36','2409:4072:6d94:eb32:916c:916:550c:586b','IN'),(26,'2020-11-05 14:07:29','romlmw','direct','Mozilla/5.0 (Linux; Android 10; Nokia 6.1 Plus) AppleWebKit/537.36 (KHTML, like Gecko) Chrome/77.0.3865.116 Mobile Safari/537.36 EdgA/45.08.4.5074','117.193.40.216','IN'),(27,'2020-11-05 14:31:41','romlmw','direct','Mozilla/5.0 (Linux; Android 9; Redmi 6 Pro) AppleWebKit/537.36 (KHTML, like Gecko) Chrome/86.0.4240.114 Mobile Safari/537.36','2401:4900:490f:9d19:925e:4aa8:7e00:b370','IN'),(28,'2020-11-05 23:49:04','romlmw','direct','Mozilla/5.0 (Linux; Android 10; Redmi Note 9 Pro Max) AppleWebKit/537.36 (KHTML, like Gecko) Chrome/86.0.4240.185 Mobile Safari/537.36','2401:4900:3619:3ce4:25e6:ef0d:5f2b:8b74','IN'),(29,'2020-11-06 03:40:08','romlmw','direct','Mozilla/5.0 (Linux; Android 10; RMX2193) AppleWebKit/537.36 (KHTML, like Gecko) Chrome/86.0.4240.185 Mobile Safari/537.36','106.76.213.254','IN'),(30,'2020-11-06 03:40:30','romlmw','direct','Mozilla/5.0 (Linux; Android 10; RMX2193) AppleWebKit/537.36 (KHTML, like Gecko) Chrome/86.0.4240.185 Mobile Safari/537.36','106.76.213.254','IN'),(31,'2020-11-06 09:43:52','fa-39c','direct','WhatsApp/2.20.205.5 A','2409:4072:618f:d9a1::1538:a0b0','IN'),(32,'2020-11-06 09:44:15','fa-39c','direct','Mozilla/5.0 (Linux; Android 10; SM-A505F) AppleWebKit/537.36 (KHTML, like Gecko) Chrome/83.0.4103.106 Mobile Safari/537.36','2409:4072:611d:de55::23d:e8a4','IN'),(33,'2020-11-06 11:06:36','romlmw','direct','Mozilla/5.0 (Android 11; Mobile; rv:81.0) Gecko/81.0 Firefox/81.0','219.91.225.8','IN'),(34,'2020-11-06 11:15:21','fa-39c','direct','Mozilla/5.0 (Linux; Android 10; SM-M105F) AppleWebKit/537.36 (KHTML, like Gecko) Chrome/86.0.4240.99 Mobile Safari/537.36','2401:4900:5139:f863::834:f912','IN'),(35,'2020-11-06 12:23:52','smrbotinvite','direct','Mozilla/5.0 (compatible; Discordbot/2.0; +https://discordapp.com)','35.196.132.85','US'),(36,'2020-11-06 12:47:41','smrbotinvite','direct','Mozilla/5.0 (iPhone; CPU iPhone OS 14_1 like Mac OS X) AppleWebKit/605.1.15 (KHTML, like Gecko) Version/14.0 Mobile/15E148 Safari/604.1','2401:4900:315f:fb96:fdfa:df2f:66bd:9fe5','IN'),(37,'2020-11-06 12:47:43','smrbotinvite','direct','Mozilla/5.0 (Macintosh; Intel Mac OS X 10_11_1) AppleWebKit/601.2.4 (KHTML, like Gecko) Version/9.0.1 Safari/601.2.4 facebookexternalhit/1.1 Facebot Twitterbot/1.0','2401:4900:315f:fb96:fdfa:df2f:66bd:9fe5','IN'),(38,'2020-11-06 13:17:09','215a9p','direct','Mozilla/5.0 (compatible; Discordbot/2.0; +https://discordapp.com)','35.227.62.178','US'),(39,'2020-11-06 13:17:36','215a9p','direct','Mozilla/5.0 (compatible; Discordbot/2.0; +https://discordapp.com)','35.227.62.178','US'),(40,'2020-11-06 13:17:47','215a9p','direct','Mozilla/5.0 (compatible; Discordbot/2.0; +https://discordapp.com)','35.196.132.85','US'),(41,'2020-11-06 13:18:00','215a9p','direct','WhatsApp/2.20.205.5 A','2409:4072:58c:ff9f::e94:60a0','IN'),(42,'2020-11-06 13:18:22','215a9p','direct','Mozilla/5.0 (Linux; Android 10; Nokia 6.1 Plus) AppleWebKit/537.36 (KHTML, like Gecko) Chrome/85.0.4183.127 Mobile Safari/537.36','117.193.43.51','IN'),(43,'2020-11-06 13:19:35','215a9p','direct','Mozilla/5.0 (Linux; Android 10; SM-A505F) AppleWebKit/537.36 (KHTML, like Gecko) Chrome/86.0.4240.185 Mobile Safari/537.36','49.207.141.222','IN'),(44,'2020-11-06 13:21:53','215a9p','direct','Mozilla/5.0 (Linux; Android 10; ONEPLUS A6010) AppleWebKit/537.36 (KHTML, like Gecko) Chrome/86.0.4240.185 Mobile Safari/537.36','103.66.79.85','IN'),(45,'2020-11-06 13:23:16','215a9p','direct','Mozilla/5.0 (Linux; Android 10; SM-A505F) AppleWebKit/537.36 (KHTML, like Gecko) Chrome/86.0.4240.185 Mobile Safari/537.36','49.207.141.222','IN'),(46,'2020-11-06 13:29:58','215a9p','direct','Mozilla/5.0 (Windows NT 10.0; Win64; x64) AppleWebKit/537.36 (KHTML, like Gecko) Chrome/86.0.4240.183 Safari/537.36','103.10.226.170','IN'),(47,'2020-11-06 13:36:28','215a9p','direct','Mozilla/5.0 (Linux; Android 10; Redmi Note 7) AppleWebKit/537.36 (KHTML, like Gecko) Chrome/86.0.4240.110 Mobile Safari/537.36','2409:4072:6e1a:7b89:b93b:79a3:dc31:92fe','IN'),(48,'2020-11-06 13:56:28','smrbotinvite','direct','Mozilla/5.0 (Windows NT 10.0; Win64; x64) AppleWebKit/537.36 (KHTML, like Gecko) Chrome/86.0.4240.111 Safari/537.36','157.51.95.155','IN'),(49,'2020-11-06 13:59:24','215a9p','direct','Mozilla/5.0 (Linux; Android 10; Redmi Note 9 Pro Max) AppleWebKit/537.36 (KHTML, like Gecko) Chrome/86.0.4240.185 Mobile Safari/537.36','116.72.15.190','IN'),(50,'2020-11-06 14:14:09','215a9p','direct','Mozilla/5.0 (Linux; Android 9; Redmi 6A) AppleWebKit/537.36 (KHTML, like Gecko) Chrome/80.0.3987.99 Mobile Safari/537.36','2409:4073:41d:4626::13b5:8a4','IN'),(51,'2020-11-06 14:49:13','215a9p','direct','Mozilla/5.0 (Linux; Android 10; SM-M307F) AppleWebKit/537.36 (KHTML, like Gecko) Chrome/86.0.4240.185 Mobile Safari/537.36','2402:3a80:8c5:bbfa:0:57:a0b8:4c01','IN'),(52,'2020-11-06 14:54:10','215a9p','direct','Mozilla/5.0 (Linux; Android 8.0.0; SAMSUNG SM-G935F) AppleWebKit/537.36 (KHTML, like Gecko) SamsungBrowser/12.1 Chrome/79.0.3945.136 Mobile Safari/537.36','103.66.79.63','IN'),(53,'2020-11-06 15:32:54','215a9p','direct','Mozilla/5.0 (Linux; Android 7.1.2; Redmi 4A Build/N2G47H) AppleWebKit/537.36 (KHTML, like Gecko) Chrome/66.0.3359.158 Mobile Safari/537.36','2409:4055:4e94:8eb:296a:3788:f295:2f71','IN'),(54,'2020-11-06 15:45:30','215a9p','direct','Mozilla/5.0 (Linux; Android 9; BND-AL10) AppleWebKit/537.36 (KHTML, like Gecko) Chrome/86.0.4240.185 Mobile Safari/537.36','115.98.135.59','IN'),(55,'2020-11-06 16:20:17','215a9p','direct','Mozilla/5.0 (Linux; Android 8.1.0; CPH1809) AppleWebKit/537.36 (KHTML, like Gecko) Chrome/85.0.4183.127 Mobile Safari/537.36','42.110.158.32','IN'),(56,'2020-11-06 16:21:46','215a9p','direct','Mozilla/5.0 (compatible; Discordbot/2.0; +https://discordapp.com)','35.227.62.178','US'),(57,'2020-11-07 01:38:14','smrbotinvite','direct','Mozilla/5.0 (Windows NT 10.0; Win64; x64) AppleWebKit/537.36 (KHTML, like Gecko) Chrome/86.0.4240.183 Safari/537.36 Edg/86.0.622.63','103.146.175.21',''),(58,'2020-11-07 06:11:42','215a9p','direct','Mozilla/5.0 (Linux; Android 10; CPH1969) AppleWebKit/537.36 (KHTML, like Gecko) Chrome/85.0.4183.120 Mobile Safari/537.36','117.196.170.193','IN'),(59,'2020-11-08 05:35:56','215a9p','direct','Mozilla/5.0 (iPhone; CPU iPhone OS 14_0_1 like Mac OS X) AppleWebKit/605.1.15 (KHTML, like Gecko) Version/14.0 Mobile/15E148 Safari/604.1','123.231.100.117','LK'),(60,'2020-11-08 07:39:58','215a9p','direct','Mozilla/5.0 (Windows NT 10.0; Win64; x64) AppleWebKit/537.36 (KHTML, like Gecko) Chrome/86.0.4240.183 Safari/537.36','43.230.47.26','IN'),(61,'2020-11-09 14:08:22','215a9p','direct','Mozilla/5.0 (Linux; Android 10; Redmi Note 9 Pro Max) AppleWebKit/537.36 (KHTML, like Gecko) Chrome/86.0.4240.185 Mobile Safari/537.36','116.72.5.46','IN'),(62,'2020-12-12 06:21:32','yt','direct','Mozilla/5.0 (compatible; Discordbot/2.0; +https://discordapp.com)','35.227.62.178','US'),(63,'2020-12-12 06:21:41','yt','direct','Mozilla/5.0 (compatible; Discordbot/2.0; +https://discordapp.com)','35.237.4.214','US'),(64,'2020-12-12 08:08:22','yt','direct','Mozilla/5.0 (Linux; Android 10; SM-M307F) AppleWebKit/537.36 (KHTML, like Gecko) Chrome/86.0.4240.198 Mobile Safari/537.36','2409:4072:6009:7782::269a:50ac','IN'),(65,'2020-12-16 10:08:59','feedit','direct','Mozilla/5.0 (compatible; Discordbot/2.0; +https://discordapp.com)','35.237.4.214','US'),(66,'2020-12-16 11:08:43','feedit','direct','Mozilla/5.0 (Windows NT 10.0; Win64; x64) AppleWebKit/537.36 (KHTML, like Gecko) Chrome/87.0.4280.88 Safari/537.36','49.37.222.39','IN'),(67,'2020-12-17 11:45:30','feedit','direct','Mozilla/5.0 (compatible; Discordbot/2.0; +https://discordapp.com)','35.237.4.214','US'),(68,'2020-12-17 11:45:34','feedit','direct','Mozilla/5.0 (Windows NT 10.0; Win64; x64) AppleWebKit/537.36 (KHTML, like Gecko) Chrome/87.0.4280.88 Safari/537.36','49.37.218.43','IN'),(69,'2020-12-17 17:41:10','feedit','direct','Mozilla/5.0 (compatible; Discordbot/2.0; +https://discordapp.com)','35.237.4.214','US'),(70,'2020-12-17 17:41:33','feedit','direct','Mozilla/5.0 (X11; Linux x86_64) AppleWebKit/537.36 (KHTML, like Gecko) Chrome/87.0.4280.88 Safari/537.36','81.97.7.88','GB'),(71,'2021-01-08 13:24:53','tg','direct','WhatsApp/2.20.207.20 A','49.37.215.60','IN'),(72,'2021-01-08 13:24:55','tg','direct','Mozilla/5.0 (Linux; Android 10; SM-M215F) AppleWebKit/537.36 (KHTML, like Gecko) Chrome/87.0.4280.101 Mobile Safari/537.36','49.37.215.60','IN'),(73,'2021-01-08 13:25:24','tg','direct','Mozilla/5.0 (Windows NT 6.1; WOW64) AppleWebKit/537.36 (KHTML, like Gecko) Chrome/51.0.2704.103 Safari/537.36','49.37.215.60','IN'),(74,'2021-01-08 17:50:54','eazl4h','direct','Mozilla/5.0 (Windows NT 6.1; WOW64) AppleWebKit/537.36 (KHTML, like Gecko) Chrome/51.0.2704.103 Safari/537.36','49.37.215.60','IN'),(75,'2021-01-09 13:08:47','eazl4h','direct','Mozilla/5.0 (Windows NT 6.1; WOW64) AppleWebKit/537.36 (KHTML, like Gecko) Chrome/51.0.2704.103 Safari/537.36','49.37.215.60','IN'),(76,'2021-01-09 13:08:57','eazl4h','direct','WhatsApp/2.20.207.20 A','49.37.215.60','IN'),(77,'2021-01-09 13:09:24','eazl4h','direct','Mozilla/5.0 (compatible; Discordbot/2.0; +https://discordapp.com)','35.227.62.178','US'),(78,'2021-01-09 13:19:11','eazl4h','direct','Mozilla/5.0 (Windows NT 10.0; Win64; x64; rv:84.0) Gecko/20100101 Firefox/84.0','2405:201:c016:2014:dd9c:aa2a:4b34:5fa0','IN'),(79,'2021-01-09 13:23:56','eazl4h','direct','Mozilla/5.0 (Android 10; Mobile; rv:84.0) Gecko/84.0 Firefox/84.0','103.195.202.154','IN'),(80,'2021-01-09 13:30:05','eazl4h','direct','Mozilla/5.0 (Windows NT 10.0; Win64; x64) AppleWebKit/537.36 (KHTML, like Gecko) Chrome/87.0.4280.88 Safari/537.36','49.37.215.60','IN'),(81,'2021-01-09 13:30:18','eazl4h','direct','Mozilla/5.0 (Windows NT 10.0; Win64; x64) AppleWebKit/537.36 (KHTML, like Gecko) Chrome/87.0.4280.88 Safari/537.36','49.37.215.60','IN'),(82,'2021-01-09 13:32:03','eazl4h','https://go.sarveshmrao.in/admin/','Mozilla/5.0 (Windows NT 10.0; Win64; x64) AppleWebKit/537.36 (KHTML, like Gecko) Chrome/87.0.4280.88 Safari/537.36','49.37.215.60','IN'),(83,'2021-01-09 13:32:17','eazl4h','direct','Mozilla/5.0 (compatible; Discordbot/2.0; +https://discordapp.com)','35.227.62.178','US'),(84,'2021-01-09 14:58:31','eazl4h','direct','Mozilla/5.0 (X11; Ubuntu; Linux x86_64; rv:84.0) Gecko/20100101 Firefox/84.0','81.97.7.88','GB'),(85,'2021-01-09 14:58:35','eazl4h','direct','Mozilla/5.0 (X11; Ubuntu; Linux x86_64; rv:84.0) Gecko/20100101 Firefox/84.0','81.97.7.88','GB'),(86,'2021-01-09 14:58:52','eazl4h','direct','Mozilla/5.0 (X11; Ubuntu; Linux x86_64; rv:84.0) Gecko/20100101 Firefox/84.0','81.97.7.88','GB'),(87,'2021-01-09 14:58:54','eazl4h','direct','Mozilla/5.0 (X11; Ubuntu; Linux x86_64; rv:84.0) Gecko/20100101 Firefox/84.0','81.97.7.88','GB'),(88,'2021-01-09 14:58:57','eazl4h','direct','Mozilla/5.0 (X11; Ubuntu; Linux x86_64; rv:84.0) Gecko/20100101 Firefox/84.0','81.97.7.88','GB'),(89,'2021-01-09 14:59:05','eazl4h','direct','curl/7.58.0','81.97.7.88','GB'),(90,'2021-01-09 15:00:41','ozh','direct','Mozilla/5.0 (X11; Ubuntu; Linux x86_64; rv:84.0) Gecko/20100101 Firefox/84.0','81.97.7.88','GB'),(91,'2021-01-09 15:00:45','ozh','direct','Mozilla/5.0 (X11; Ubuntu; Linux x86_64; rv:84.0) Gecko/20100101 Firefox/84.0','81.97.7.88','GB'),(92,'2021-01-09 15:01:48','ozh','direct','Mozilla/5.0 (compatible; Discordbot/2.0; +https://discordapp.com)','35.227.62.178','US'),(93,'2021-01-09 17:36:46','eazl4h','direct','Mozilla/5.0 (Windows NT 10.0; Win64; x64) AppleWebKit/537.36 (KHTML, like Gecko) Chrome/87.0.4280.101 Safari/537.36','41.212.56.167','KE'),(94,'2021-01-10 13:22:27','eazl4h','direct','Mozilla/5.0 (Linux; Android 10; SAMSUNG SM-M307F) AppleWebKit/537.36 (KHTML, like Gecko) SamsungBrowser/12.1 Chrome/79.0.3945.136 Mobile Safari/537.36','2409:4052:2e25:c4f3::7a89:e401','IN'),(95,'2021-01-10 18:23:30','crlwk-','direct','Mozilla/5.0 (Windows NT 6.1; WOW64) AppleWebKit/537.36 (KHTML, like Gecko) Chrome/51.0.2704.103 Safari/537.36','49.37.215.60','IN'),(96,'2021-01-10 18:23:45','crlwk-','direct','WhatsApp/2.20.207.20 A','49.37.215.60','IN'),(97,'2021-01-10 18:24:22','tg','direct','Mozilla/5.0 (Windows NT 6.1; WOW64) AppleWebKit/537.36 (KHTML, like Gecko) Chrome/51.0.2704.103 Safari/537.36','49.37.215.60','IN'),(98,'2021-01-10 18:24:33','crlwk-','direct','Mozilla/5.0 (Linux; Android 10; SM-M215F) AppleWebKit/537.36 (KHTML, like Gecko) Chrome/87.0.4280.101 Mobile Safari/537.36','49.37.215.60','IN'),(99,'2021-01-11 19:37:17','nlecqk','direct','Mozilla/5.0 (Windows NT 6.1; WOW64) AppleWebKit/537.36 (KHTML, like Gecko) Chrome/51.0.2704.103 Safari/537.36','2405:201:e00e:f04f:71c7:83e1:7ea4:2ce4','IN'),(100,'2021-02-15 13:27:07','home','direct','Mozilla/5.0 (Linux; Android 11; SM-M215F) AppleWebKit/537.36 (KHTML, like Gecko) Chrome/88.0.4324.152 Mobile Safari/537.36','2405:201:e00e:f04f:7493:7f2e:c440:dd0f','IN'),(101,'2021-02-15 13:27:19','home','direct','Mozilla/5.0 (Linux; Android 11; SM-M215F) AppleWebKit/537.36 (KHTML, like Gecko) Chrome/88.0.4324.152 Mobile Safari/537.36','2405:201:e00e:f04f:7493:7f2e:c440:dd0f','IN');
/*!40000 ALTER TABLE `smrgo_log` ENABLE KEYS */;
UNLOCK TABLES;

--
-- Table structure for table `smrgo_options`
--

DROP TABLE IF EXISTS `smrgo_options`;
/*!40101 SET @saved_cs_client     = @@character_set_client */;
/*!40101 SET character_set_client = utf8 */;
CREATE TABLE `smrgo_options` (
  `option_id` bigint(20) unsigned NOT NULL AUTO_INCREMENT,
  `option_name` varchar(64) NOT NULL DEFAULT '',
  `option_value` longtext NOT NULL,
  PRIMARY KEY (`option_id`,`option_name`),
  KEY `option_name` (`option_name`)
) ENGINE=InnoDB AUTO_INCREMENT=7 DEFAULT CHARSET=latin1;
/*!40101 SET character_set_client = @saved_cs_client */;

--
-- Dumping data for table `smrgo_options`
--

LOCK TABLES `smrgo_options` WRITE;
/*!40000 ALTER TABLE `smrgo_options` DISABLE KEYS */;
INSERT INTO `smrgo_options` VALUES (1,'version','1.7.9'),(2,'db_version','482'),(3,'next_id','1'),(4,'active_plugins','a:3:{i:0;s:25:\"sleeky-backend/plugin.php\";i:1;s:26:\"hyphens-in-urls/plugin.php\";i:2;s:27:\"random-shorturls/plugin.php\";}'),(5,'core_version_checks','O:8:\"stdClass\":4:{s:15:\"failed_attempts\";i:0;s:12:\"last_attempt\";i:1610199032;s:11:\"last_result\";O:8:\"stdClass\":2:{s:6:\"latest\";s:5:\"1.7.9\";s:6:\"zipurl\";s:56:\"https://api.github.com/repos/YOURLS/YOURLS/zipball/1.7.9\";}s:15:\"version_checked\";s:5:\"1.7.9\";}'),(6,'random_shorturls_length','6');
/*!40000 ALTER TABLE `smrgo_options` ENABLE KEYS */;
UNLOCK TABLES;

--
-- Table structure for table `smrgo_url`
--

DROP TABLE IF EXISTS `smrgo_url`;
/*!40101 SET @saved_cs_client     = @@character_set_client */;
/*!40101 SET character_set_client = utf8 */;
CREATE TABLE `smrgo_url` (
  `keyword` varchar(200) CHARACTER SET latin1 COLLATE latin1_bin NOT NULL,
  `url` text CHARACTER SET latin1 COLLATE latin1_bin NOT NULL,
  `title` text CHARACTER SET utf8,
  `timestamp` timestamp NOT NULL DEFAULT CURRENT_TIMESTAMP,
  `ip` varchar(41) NOT NULL,
  `clicks` int(10) unsigned NOT NULL,
  PRIMARY KEY (`keyword`),
  KEY `timestamp` (`timestamp`),
  KEY `ip` (`ip`)
) ENGINE=InnoDB DEFAULT CHARSET=latin1;
/*!40101 SET character_set_client = @saved_cs_client */;

--
-- Dumping data for table `smrgo_url`
--

LOCK TABLES `smrgo_url` WRITE;
/*!40000 ALTER TABLE `smrgo_url` DISABLE KEYS */;
INSERT INTO `smrgo_url` VALUES ('215a9p','https://blog.sarveshmrao.in/2020/2084/whatsapp-pay-guide-are-whatsapp-and-whatsapp-pay-two-different-apps-learn-how-to-use-whatsapp-pay-with-the-help-of-this-guide/','WhatsApp Pay Guide: Are WhatsApp And WhatsApp Pay Two Different Apps? Learn How To Use WhatsApp Pay With The Help Of This Guide','2020-11-06 12:46:55','5.9.253.206',22),('crlwk-','https://www.change.org/p/facebook-revoke-new-whatsapp-privacy-policies-%E0%A4%B5%E0%A4%BE%E0%A4%9F%E0%A5%8D%E0%A4%B8%E0%A4%8F%E0%A4%AA-%E0%A4%95%E0%A5%80-%E0%A4%A8%E0%A4%88-%E0%A4%97%E0%A5%81%E0%A4%AA%E0%A5%8D%E0%A4%A4%E0%A4%A4%E0%A4%BE-%E0%A4%A8%E0%A5%80%E0%A4%A4%E0%A4%BF-%E0%A4%95%E0%A5%8B-%E0%A4%B0%E0%A4%A6%E0%A5%8D%E0%A4%A6-%E0%A4%95%E0%A4%B0%E0%A5%87%E0%A4%82','https://www.change.org/p/facebook-revoke-new-whatsapp-privacy-policies-%E0%A4%B5%E0%A4%BE%E0%A4%9F%E0%A5%8D%E0%A4%B8%E0%A4%8F%E0%A4%AA-%E0%A4%95%E0%A5%80-%E0%A4%A8%E0%A4%88-%E0%A4%97%E0%A5%81%E0%A4%AA%E0%A5%8D%E0%A4%A4%E0%A4%A4%E0%A4%BE-%E0%A4%A8%E0%A5%80%E0%A4%A4%E0%A4%BF-%E0%A4%95%E0%A5%8B-%E0%A4%B0%E0%A4%A6%E0%A5%8D%E0%A4%A6-%E0%A4%95%E0%A4%B0%E0%A5%87%E0%A4%82','2021-01-10 21:23:29','49.37.215.60',3),('eazl4h','k.n.b.a%3Cjava.lang.String%3E','k.n.b.a%3Cjava.lang.String%3E','2021-01-08 20:50:52','49.37.215.60',18),('fa-39c','https://blog.sarveshmrao.in/2020/2058/tracing-the-smartphone-manufacturer-micromaxs-origin/','Tracing The Smartphone Manufacturer Micromax&#8217;s Origin','2020-11-04 11:04:45','5.9.253.206',15),('feedit','https://discord.com/oauth2/authorize?client_id=718724300164694037&scope=bot&permissions=19456','Discord','2020-12-16 10:07:38','49.37.222.39',6),('home','https://sarveshmrao.in','Sarvesh M Rao','2021-02-15 13:26:54','2405:201:e00e:f04f:7493:7f2e:c440:dd0f',2),('nlecqk','https://github.com/','https://github.com/','2021-01-11 22:37:16','2405:201:e00e:f04f:71c7:83e1:7ea4:2ce4',1),('ozh','http://ozh.org/','ozh.org','2020-10-28 18:52:24','157.51.85.97',3),('romlmw','https://blog.sarveshmrao.in/?p=2066','Google Graveyard: Cemetery For Cancelled Applications By Google Explained','2020-11-04 16:46:54','5.9.253.206',13),('smrbotinvite','https://discord.com/oauth2/authorize?client_id=770969467152367626&permissions=8&scope=bot','SMR Bot Invite','2020-10-28 19:23:55','157.51.85.97',10),('test','http://easysofterp.in/easy7/client/student/showhwimg.aspx?mfilepath=D:%5C%5Ceasysch%5C%5Ceasysch%5C%5Ceasy7%5C%5Cclientdata%5C%5Cjaigopal%5C%5Chomework%5C%5C301020%5C%5C12AMSG765301020.pdf','http://easysofterp.in/easy7/client/student/showhwimg.aspx?mfilepath=D:%5C%5Ceasysch%5C%5Ceasysch%5C%5Ceasy7%5C%5Cclientdata%5C%5Cjaigopal%5C%5Chomework%5C%5C301020%5C%5C12AMSG765301020.pdf','2020-10-30 12:19:14','157.49.235.43',1),('tg','https://t.me/SarveshMRao','Telegram: Contact @SarveshMRao','2021-01-08 16:24:43','49.37.215.60',4),('yourls','http://yourls.org/','YOURLS: Your Own URL Shortener','2020-10-28 18:52:24','157.51.85.97',0),('yourlsblog','http://blog.yourls.org/','YOURLS\' Blog','2020-10-28 18:52:24','157.51.85.97',0),('yt','https://youtube.com/sarveshmrao','Sarvesh M Rao YouTube Channel','2020-10-28 20:13:32','157.51.85.97',3);
/*!40000 ALTER TABLE `smrgo_url` ENABLE KEYS */;
UNLOCK TABLES;
/*!40103 SET TIME_ZONE=@OLD_TIME_ZONE */;

/*!40101 SET SQL_MODE=@OLD_SQL_MODE */;
/*!40014 SET FOREIGN_KEY_CHECKS=@OLD_FOREIGN_KEY_CHECKS */;
/*!40014 SET UNIQUE_CHECKS=@OLD_UNIQUE_CHECKS */;
/*!40101 SET CHARACTER_SET_CLIENT=@OLD_CHARACTER_SET_CLIENT */;
/*!40101 SET CHARACTER_SET_RESULTS=@OLD_CHARACTER_SET_RESULTS */;
/*!40101 SET COLLATION_CONNECTION=@OLD_COLLATION_CONNECTION */;
/*!40111 SET SQL_NOTES=@OLD_SQL_NOTES */;

-- Dump completed on 2021-03-22 18:45:31
